{"chunk_definitions":[{"chunk_id":"c9f8u1ludtzl6","chunk_label":"unnamed-chunk-1","document_id":"294C4F0","expansion_state":0,"options":{"engine":"r","label":"unnamed-chunk-1"},"row":9,"row_count":1,"visible":true},{"chunk_id":"cn8l2l8lknx7c","chunk_label":"unnamed-chunk-2","document_id":"294C4F0","expansion_state":0,"options":{"engine":"r","label":"unnamed-chunk-2"},"row":13,"row_count":1,"visible":true},{"chunk_id":"chval8f12i62t","chunk_label":"unnamed-chunk-3","document_id":"294C4F0","expansion_state":0,"options":{"engine":"r","label":"unnamed-chunk-3"},"row":33,"row_count":1,"visible":true},{"chunk_id":"c339nqissksls","chunk_label":"unnamed-chunk-4","document_id":"294C4F0","expansion_state":0,"options":{"engine":"r","label":"unnamed-chunk-4"},"row":44,"row_count":1,"visible":true},{"chunk_id":"c51edbecw2783","chunk_label":"unnamed-chunk-5","document_id":"294C4F0","expansion_state":0,"options":{"engine":"r","label":"unnamed-chunk-5"},"row":55,"row_count":1,"visible":true},{"chunk_id":"ci39mzml4fs8t","chunk_label":"unnamed-chunk-6","document_id":"294C4F0","expansion_state":0,"options":{"engine":"r","label":"unnamed-chunk-6"},"row":64,"row_count":1,"visible":true}],"doc_write_time":1551833172}