{"chunk_definitions":[{"chunk_id":"csjxde5kdubl4","chunk_label":"unnamed-chunk-1","document_id":"6368FED","expansion_state":0,"options":{"engine":"r","label":"unnamed-chunk-3"},"row":3,"row_count":1,"visible":true},{"chunk_id":"ctb17v2aflm4t","chunk_label":"unnamed-chunk-2","document_id":"6368FED","expansion_state":0,"options":{"engine":"r","label":"unnamed-chunk-6"},"row":10,"row_count":1,"visible":true},{"chunk_id":"cbiropp6u25xx","chunk_label":"unnamed-chunk-3","document_id":"6368FED","expansion_state":0,"options":{"engine":"r","label":"unnamed-chunk-8"},"row":22,"row_count":1,"visible":true},{"chunk_id":"c3im855cu6ori","chunk_label":"unnamed-chunk-4","document_id":"6368FED","expansion_state":0,"options":{"engine":"r","label":"unnamed-chunk-12"},"row":32,"row_count":1,"visible":true}],"doc_write_time":1549135716}