{"chunk_definitions":[{"chunk_id":"ccynhh1e1cg4h","chunk_label":"unnamed-chunk-1","document_id":"95C2BE89","expansion_state":1,"options":{"engine":"r","label":"unnamed-chunk-1"},"row":15,"row_count":1,"visible":true},{"chunk_id":"c33mi2jk2i8xz","chunk_label":"unnamed-chunk-2","document_id":"CEAE821D","expansion_state":0,"options":{"engine":"r","label":"unnamed-chunk-2"},"row":20,"row_count":1,"visible":true},{"chunk_id":"cdmzkfn5ggt5l","chunk_label":"unnamed-chunk-4","document_id":"CEAE821D","expansion_state":1,"options":{"engine":"r","label":"unnamed-chunk-3"},"row":39,"row_count":1,"visible":true},{"chunk_id":"cqysgb6p4bn4x","chunk_label":"unnamed-chunk-5","document_id":"CEAE821D","expansion_state":1,"options":{"engine":"r","label":"unnamed-chunk-4"},"row":45,"row_count":1,"visible":true},{"chunk_id":"c85s8ixjj5uec","chunk_label":"unnamed-chunk-6","document_id":"CEAE821D","expansion_state":0,"options":{"engine":"r","label":"unnamed-chunk-5"},"row":53,"row_count":1,"visible":true},{"chunk_id":"c78rkqy6y6c69","chunk_label":"unnamed-chunk-7","document_id":"CEAE821D","expansion_state":0,"options":{"engine":"r","label":"unnamed-chunk-6"},"row":59,"row_count":1,"visible":true},{"chunk_id":"cemx8a8hvxb94","chunk_label":"unnamed-chunk-8","document_id":"CEAE821D","expansion_state":0,"options":{"engine":"r","label":"unnamed-chunk-7"},"row":73,"row_count":1,"visible":true},{"chunk_id":"c9xkxfn1cd0an","chunk_label":"unnamed-chunk-9","document_id":"CEAE821D","expansion_state":0,"options":{"engine":"r","label":"unnamed-chunk-8"},"row":79,"row_count":1,"visible":true},{"chunk_id":"c1ubrgp9q9zwx","chunk_label":"unnamed-chunk-10","document_id":"CEAE821D","expansion_state":0,"options":{"engine":"r","label":"unnamed-chunk-9"},"row":85,"row_count":1,"visible":true},{"chunk_id":"cli2hb95lr8ls","chunk_label":"unnamed-chunk-11","document_id":"CEAE821D","expansion_state":0,"options":{"engine":"r","label":"unnamed-chunk-10"},"row":90,"row_count":1,"visible":true}],"doc_write_time":1550099004}