{"chunk_definitions":[{"chunk_id":"cyxe0vm9eixm3","chunk_label":"unnamed-chunk-1","document_id":"4F117902","expansion_state":0,"options":{"engine":"r","label":"unnamed-chunk-1"},"row":5,"row_count":1,"visible":true},{"chunk_id":"cen2t6t4jca6o","chunk_label":"unnamed-chunk-2","document_id":"4F117902","expansion_state":0,"options":{"engine":"r","label":"unnamed-chunk-8"},"row":11,"row_count":1,"visible":true},{"chunk_id":"c4qzzma9y4cax","chunk_label":"unnamed-chunk-3","document_id":"4F117902","expansion_state":1,"options":{"engine":"r","label":"unnamed-chunk-6"},"row":28,"row_count":1,"visible":true},{"chunk_id":"c03fuxcbaee99","chunk_label":"unnamed-chunk-4","document_id":"4F117902","expansion_state":0,"options":{"engine":"r","label":"unnamed-chunk-7"},"row":37,"row_count":1,"visible":true},{"chunk_id":"cfhbmyq7b4wsi","chunk_label":"unnamed-chunk-5","document_id":"4F117902","expansion_state":1,"options":{"engine":"r","label":"unnamed-chunk-16"},"row":43,"row_count":1,"visible":true},{"chunk_id":"cusj44vfxvomo","chunk_label":"unnamed-chunk-6","document_id":"4F117902","expansion_state":1,"options":{"engine":"r","label":"unnamed-chunk-15"},"row":49,"row_count":1,"visible":true},{"chunk_id":"csso98kos8sme","chunk_label":"unnamed-chunk-7","document_id":"4F117902","expansion_state":1,"options":{"engine":"r","label":"unnamed-chunk-17"},"row":55,"row_count":1,"visible":true},{"chunk_id":"c89bsx0zs6b69","chunk_label":"unnamed-chunk-8","document_id":"4F117902","expansion_state":1,"options":{"engine":"r","label":"unnamed-chunk-19"},"row":60,"row_count":1,"visible":true},{"chunk_id":"c8v4yxf4ea4x4","chunk_label":"unnamed-chunk-9","document_id":"4F117902","expansion_state":1,"options":{"engine":"r","label":"unnamed-chunk-20"},"row":66,"row_count":1,"visible":true},{"chunk_id":"chq7vxe9up79s","chunk_label":"unnamed-chunk-10","document_id":"4F117902","expansion_state":1,"options":{"engine":"r","label":"unnamed-chunk-21"},"row":72,"row_count":1,"visible":true},{"chunk_id":"c011c5j3sxndg","chunk_label":"unnamed-chunk-11","document_id":"4F117902","expansion_state":1,"options":{"engine":"r","label":"unnamed-chunk-22"},"row":77,"row_count":1,"visible":true},{"chunk_id":"c1rlqo2eqa7v2","chunk_label":"unnamed-chunk-12","document_id":"4F117902","expansion_state":1,"options":{"engine":"r","label":"unnamed-chunk-23"},"row":83,"row_count":1,"visible":true},{"chunk_id":"c0otkibfd0fa8","chunk_label":"unnamed-chunk-13","document_id":"4F117902","expansion_state":1,"options":{"engine":"r","label":"unnamed-chunk-24"},"row":89,"row_count":1,"visible":true},{"chunk_id":"caj0wqq1cgi11","chunk_label":"unnamed-chunk-14","document_id":"4F117902","expansion_state":1,"options":{"engine":"r","label":"unnamed-chunk-25"},"row":97,"row_count":1,"visible":true},{"chunk_id":"cb6bk8qixwj3w","chunk_label":"unnamed-chunk-15","document_id":"4F117902","expansion_state":1,"options":{"engine":"r","label":"unnamed-chunk-26"},"row":105,"row_count":1,"visible":true},{"chunk_id":"cb35sus8m1meb","chunk_label":"unnamed-chunk-16","document_id":"4F117902","expansion_state":1,"options":{"engine":"r","label":"unnamed-chunk-27"},"row":114,"row_count":1,"visible":true},{"chunk_id":"ccax1880ykmxk","chunk_label":"unnamed-chunk-17","document_id":"4F117902","expansion_state":1,"options":{"engine":"r","label":"unnamed-chunk-28"},"row":121,"row_count":1,"visible":true},{"chunk_id":"c27iz2ibli3z6","chunk_label":"unnamed-chunk-18","document_id":"4F117902","expansion_state":1,"options":{"engine":"r","label":"unnamed-chunk-29"},"row":126,"row_count":1,"visible":true},{"chunk_id":"cbp85v6371ktr","chunk_label":"unnamed-chunk-19","document_id":"4F117902","expansion_state":1,"options":{"engine":"r","label":"unnamed-chunk-30"},"row":131,"row_count":1,"visible":true},{"chunk_id":"c1932j0eh8sv3","chunk_label":"unnamed-chunk-20","document_id":"4F117902","expansion_state":1,"options":{"engine":"r","label":"unnamed-chunk-31"},"row":136,"row_count":1,"visible":true},{"chunk_id":"cbjpxuo2ib8z7","chunk_label":"unnamed-chunk-21","document_id":"4F117902","expansion_state":1,"options":{"engine":"r","label":"unnamed-chunk-32"},"row":141,"row_count":1,"visible":true},{"chunk_id":"c76skrza8u2lm","chunk_label":"unnamed-chunk-22","document_id":"4F117902","expansion_state":1,"options":{"engine":"r","label":"unnamed-chunk-33"},"row":150,"row_count":1,"visible":true},{"chunk_id":"c4y12e7irhuxv","chunk_label":"unnamed-chunk-23","document_id":"4F117902","expansion_state":0,"options":{"engine":"r","label":"unnamed-chunk-37"},"row":159,"row_count":1,"visible":true},{"chunk_id":"cr3gnr8tqshyj","chunk_label":"unnamed-chunk-25","document_id":"4F117902","expansion_state":0,"options":{"engine":"r","label":"unnamed-chunk-39"},"row":173,"row_count":1,"visible":true},{"chunk_id":"czbb9ekszs66m","chunk_label":"unnamed-chunk-26","document_id":"4F117902","expansion_state":0,"options":{"engine":"r","label":"unnamed-chunk-40"},"row":180,"row_count":1,"visible":true},{"chunk_id":"cp5bf7xnsie3y","chunk_label":"unnamed-chunk-27","document_id":"4F117902","expansion_state":0,"options":{"engine":"r","label":"unnamed-chunk-41"},"row":194,"row_count":1,"visible":true},{"chunk_id":"ciqkhbeaqn6j5","chunk_label":"unnamed-chunk-28","document_id":"4F117902","expansion_state":0,"options":{"engine":"r","label":"unnamed-chunk-45"},"row":199,"row_count":1,"visible":true},{"chunk_id":"cmx0zpqutx9h5","chunk_label":"unnamed-chunk-29","document_id":"4F117902","expansion_state":0,"options":{"engine":"r","label":"unnamed-chunk-53"},"row":209,"row_count":1,"visible":true},{"chunk_id":"cg52nj95d37v4","chunk_label":"unnamed-chunk-30","document_id":"4F117902","expansion_state":0,"options":{"engine":"r","label":"unnamed-chunk-48"},"row":216,"row_count":1,"visible":true},{"chunk_id":"cgr3naprzjfu0","chunk_label":"unnamed-chunk-31","document_id":"4F117902","expansion_state":0,"options":{"engine":"r","label":"unnamed-chunk-49"},"row":222,"row_count":1,"visible":true},{"chunk_id":"ckggtkcireiw2","chunk_label":"unnamed-chunk-32","document_id":"4F117902","expansion_state":0,"options":{"engine":"r","label":"unnamed-chunk-50"},"row":228,"row_count":1,"visible":true},{"chunk_id":"cynqhebrrmy5d","chunk_label":"unnamed-chunk-33","document_id":"4F117902","expansion_state":0,"options":{"engine":"r","label":"unnamed-chunk-54"},"row":234,"row_count":1,"visible":true},{"chunk_id":"cpw6urz5z8pds","chunk_label":"unnamed-chunk-34","document_id":"4F117902","expansion_state":0,"options":{"engine":"r","label":"unnamed-chunk-64"},"row":240,"row_count":1,"visible":true},{"chunk_id":"cmxnvbb61a0al","chunk_label":"unnamed-chunk-35","document_id":"4F117902","expansion_state":0,"options":{"engine":"r","label":"unnamed-chunk-71"},"row":250,"row_count":1,"visible":true}],"chunk_rendered_width":700,"doc_write_time":1549839722}