{"chunk_definitions":[{"chunk_id":"cy1uevmzpgcm8","chunk_label":"unnamed-chunk-1","document_id":"1B9D8D38","expansion_state":1,"options":{"engine":"r","label":"unnamed-chunk-2"},"row":10,"row_count":1,"visible":true},{"chunk_id":"cbikoaf25rv13","chunk_label":"unnamed-chunk-2","document_id":"1B9D8D38","expansion_state":0,"options":{"engine":"r","label":"unnamed-chunk-7"},"row":15,"row_count":1,"visible":true},{"chunk_id":"c5th7vri4cq71","chunk_label":"unnamed-chunk-3","document_id":"1B9D8D38","expansion_state":0,"options":{"engine":"r","label":"unnamed-chunk-8"},"row":21,"row_count":1,"visible":true},{"chunk_id":"ca4zufa7xyy97","chunk_label":"unnamed-chunk-4","document_id":"1B9D8D38","expansion_state":0,"options":{"engine":"r","label":"unnamed-chunk-10"},"row":31,"row_count":1,"visible":true},{"chunk_id":"cnk1rfxuj8i3y","chunk_label":"unnamed-chunk-5","document_id":"1B9D8D38","expansion_state":0,"options":{"engine":"r","label":"unnamed-chunk-12"},"row":39,"row_count":1,"visible":true},{"chunk_id":"clozcm8almdq6","chunk_label":"unnamed-chunk-6","document_id":"1B9D8D38","expansion_state":0,"options":{"engine":"r","label":"unnamed-chunk-13"},"row":48,"row_count":1,"visible":true},{"chunk_id":"c8ipyxyq7mcxk","chunk_label":"unnamed-chunk-7","document_id":"1B9D8D38","expansion_state":0,"options":{"engine":"r","label":"unnamed-chunk-14"},"row":53,"row_count":1,"visible":true},{"chunk_id":"cm9pdjvty4uz5","chunk_label":"unnamed-chunk-8","document_id":"1B9D8D38","expansion_state":0,"options":{"engine":"r","label":"unnamed-chunk-15"},"row":63,"row_count":1,"visible":true},{"chunk_id":"c6l5ye15nhn2z","chunk_label":"unnamed-chunk-9","document_id":"1B9D8D38","expansion_state":0,"options":{"engine":"r","label":"unnamed-chunk-16"},"row":72,"row_count":1,"visible":true},{"chunk_id":"ci4coy83cnmvo","chunk_label":"unnamed-chunk-10","document_id":"1B9D8D38","expansion_state":0,"options":{"engine":"r","label":"unnamed-chunk-20"},"row":78,"row_count":1,"visible":true},{"chunk_id":"cwhghh18b1pbe","chunk_label":"unnamed-chunk-11","document_id":"1B9D8D38","expansion_state":0,"options":{"engine":"r","label":"unnamed-chunk-21"},"row":87,"row_count":1,"visible":true},{"chunk_id":"c0hh6a729o0ma","chunk_label":"unnamed-chunk-12","document_id":"1B9D8D38","expansion_state":0,"options":{"engine":"r","label":"unnamed-chunk-22"},"row":97,"row_count":1,"visible":true},{"chunk_id":"cnwvnscle0yjp","chunk_label":"unnamed-chunk-13","document_id":"1B9D8D38","expansion_state":0,"options":{"engine":"r","label":"unnamed-chunk-23"},"row":109,"row_count":1,"visible":true},{"chunk_id":"c4r3si9027wuc","chunk_label":"unnamed-chunk-14","document_id":"1B9D8D38","expansion_state":0,"options":{"engine":"r","label":"unnamed-chunk-25"},"row":114,"row_count":1,"visible":true},{"chunk_id":"ccaszayrkd8gz","chunk_label":"unnamed-chunk-15","document_id":"1B9D8D38","expansion_state":0,"options":{"engine":"r","label":"unnamed-chunk-26"},"row":121,"row_count":1,"visible":true}],"chunk_rendered_width":652,"doc_write_time":1551562009}