{"chunk_definitions":[{"chunk_id":"c6f1fwks5x8n8","chunk_label":"unnamed-chunk-1","document_id":"EBDF34BA","expansion_state":0,"options":{"engine":"r","label":"unnamed-chunk-1"},"row":6,"row_count":1,"visible":true},{"chunk_id":"cp8xrfscu6bd3","chunk_label":"unnamed-chunk-2","document_id":"EBDF34BA","expansion_state":0,"options":{"engine":"r","label":"unnamed-chunk-2"},"row":13,"row_count":1,"visible":true},{"chunk_id":"cwkq4zn8291f6","chunk_label":"unnamed-chunk-3","document_id":"EBDF34BA","expansion_state":0,"options":{"engine":"r","label":"unnamed-chunk-10"},"row":17,"row_count":1,"visible":true}],"doc_write_time":1549220030}