{"chunk_definitions":[{"chunk_id":"cudmwurb51u6a","chunk_label":"unnamed-chunk-1","document_id":"34540AE7","expansion_state":1,"options":{"engine":"r","label":"unnamed-chunk-1"},"row":14,"row_count":1,"visible":true},{"chunk_id":"cqai312gm3olq","chunk_label":"unnamed-chunk-2","document_id":"34540AE7","expansion_state":0,"options":{"engine":"r","label":"unnamed-chunk-2"},"row":19,"row_count":1,"visible":true},{"chunk_id":"cakxp57wcg7ma","chunk_label":"unnamed-chunk-4","document_id":"34540AE7","expansion_state":1,"options":{"engine":"r","label":"unnamed-chunk-3"},"row":32,"row_count":1,"visible":true},{"chunk_id":"cyd13i2mct2tp","chunk_label":"unnamed-chunk-5","document_id":"34540AE7","expansion_state":0,"options":{"engine":"r","label":"unnamed-chunk-4"},"row":43,"row_count":1,"visible":true},{"chunk_id":"cviudtxccbhkk","chunk_label":"unnamed-chunk-6","document_id":"34540AE7","expansion_state":0,"options":{"engine":"r","label":"unnamed-chunk-5"},"row":51,"row_count":1,"visible":true},{"chunk_id":"c8j5fdkdi6zr7","chunk_label":"unnamed-chunk-9","document_id":"34540AE7","expansion_state":0,"options":{"engine":"r","label":"unnamed-chunk-6"},"row":73,"row_count":1,"visible":true},{"chunk_id":"czy9lm7ylrhd6","chunk_label":"unnamed-chunk-10","document_id":"34540AE7","expansion_state":0,"options":{"engine":"r","label":"unnamed-chunk-7"},"row":78,"row_count":1,"visible":true},{"chunk_id":"cpk042f8qfe47","chunk_label":"unnamed-chunk-11","document_id":"34540AE7","expansion_state":0,"options":{"engine":"r","label":"unnamed-chunk-8"},"row":84,"row_count":1,"visible":true},{"chunk_id":"cmvdl5we6tv27","chunk_label":"unnamed-chunk-12","document_id":"34540AE7","expansion_state":0,"options":{"engine":"r","label":"unnamed-chunk-9"},"row":89,"row_count":1,"visible":true},{"chunk_id":"clzlzruqvc3b5","chunk_label":"unnamed-chunk-13","document_id":"34540AE7","expansion_state":0,"options":{"engine":"r","label":"unnamed-chunk-10"},"row":93,"row_count":1,"visible":true},{"chunk_id":"cejrorxuunckr","chunk_label":"unnamed-chunk-14","document_id":"34540AE7","expansion_state":0,"options":{"engine":"r","label":"unnamed-chunk-11"},"row":98,"row_count":1,"visible":true}],"doc_write_time":1550099952}