{"chunk_definitions":[{"chunk_id":"cnwzb7tzbxn4z","chunk_label":"unnamed-chunk-1","document_id":"CD1CB4DD","expansion_state":0,"options":{"engine":"r","label":"unnamed-chunk-1"},"row":9,"row_count":1,"visible":true},{"chunk_id":"cnhwkb8r9k7d2","chunk_label":"unnamed-chunk-2","document_id":"CD1CB4DD","expansion_state":0,"options":{"engine":"r","label":"unnamed-chunk-2"},"row":16,"row_count":1,"visible":true},{"chunk_id":"ct8ymzayn4upq","chunk_label":"unnamed-chunk-3","document_id":"CD1CB4DD","expansion_state":0,"options":{"engine":"r","label":"unnamed-chunk-3"},"row":25,"row_count":1,"visible":true},{"chunk_id":"c89r3rjgq8exq","chunk_label":"unnamed-chunk-4","document_id":"CD1CB4DD","expansion_state":0,"options":{"engine":"r","label":"unnamed-chunk-4"},"row":40,"row_count":1,"visible":true},{"chunk_id":"co2gjbsjr4wb2","chunk_label":"unnamed-chunk-5","document_id":"CD1CB4DD","expansion_state":0,"options":{"engine":"r","label":"unnamed-chunk-7"},"row":47,"row_count":1,"visible":true},{"chunk_id":"cxpd53t1q7flg","chunk_label":"unnamed-chunk-6","document_id":"CD1CB4DD","expansion_state":0,"options":{"engine":"r","label":"unnamed-chunk-9"},"row":56,"row_count":1,"visible":true},{"chunk_id":"cyj456kgwegb1","chunk_label":"unnamed-chunk-7","document_id":"CD1CB4DD","expansion_state":0,"options":{"engine":"r","label":"unnamed-chunk-10"},"row":62,"row_count":1,"visible":true},{"chunk_id":"cadq5x6c68wuf","chunk_label":"unnamed-chunk-8","document_id":"CD1CB4DD","expansion_state":0,"options":{"engine":"r","label":"unnamed-chunk-11"},"row":75,"row_count":1,"visible":true},{"chunk_id":"cv4cxbx8it49k","chunk_label":"unnamed-chunk-9","document_id":"CD1CB4DD","expansion_state":0,"options":{"engine":"r","label":"unnamed-chunk-12"},"row":79,"row_count":1,"visible":true}],"doc_write_time":1550106799}