"0","bike = bike %>% mutate(season = as_factor(as.character(season))) %>%"
"0","mutate(season = fct_recode(season,"
"0","""Spring"" = ""1"","
"0","""Summer"" = ""2"","
"0","""Fall"" = ""3"","
"0","""Winter"" = ""4""))"
"0","bike = bike %>% mutate(yr = as_factor(as.character(yr)))"
"0","bike = bike %>% mutate(mnth = as_factor(as.character(mnth)))"
"0","bike = bike %>% mutate(hr = as_factor(as.character(hr)))"
"0","bike = bike %>% mutate(holiday = as_factor(as.character(holiday))) %>%"
"0","mutate(holiday = fct_recode(holiday, ""NotHoliday"" = ""0"", ""Holiday"" = ""1""))"
"0","bike = bike %>% mutate(workingday = as_factor(as.character(workingday))) %>%"
"0","mutate(workingday = fct_recode(workingday, ""NotWorkingDay"" = ""0"", ""WorkingDay"" = ""1""))"
"0","bike = bike %>% mutate(weathersit = as_factor(as.character(weathersit))) %>%"
"0","mutate(weathersit = fct_recode(weathersit, ""NoPrecip"" = ""1"", ""Misty"" = ""2"", ""LightPrecip"" = ""3"", ""HeavyPrecip"" = ""4""))"
"0","bike = bike %>% mutate(weekday = as_factor(as.character(weekday))) %>%"
"0","mutate(weekday = fct_recode(weekday, ""Sunday"" = ""0"", ""Monday"" = ""1"", ""Tuesday"" = ""2"", ""Wednesday"" = ""3"", ""Thursday"" = ""4"", ""Friday"" = ""5"", ""Saturday"" = ""6""))"
