{"chunk_definitions":[{"chunk_id":"c22pv8x1tf4n5","chunk_label":"unnamed-chunk-1","document_id":"6BE3C354","expansion_state":0,"options":{"engine":"r","label":"unnamed-chunk-1"},"row":11,"row_count":1,"visible":true},{"chunk_id":"cn5yjoa2iyh1d","chunk_label":"unnamed-chunk-2","document_id":"6BE3C354","expansion_state":0,"options":{"engine":"r","label":"unnamed-chunk-2"},"row":15,"row_count":1,"visible":true},{"chunk_id":"ctdj8d3aez69x","chunk_label":"unnamed-chunk-3","document_id":"6BE3C354","expansion_state":0,"options":{"engine":"r","label":"unnamed-chunk-3"},"row":31,"row_count":1,"visible":true},{"chunk_id":"ccdpn5k8nujif","chunk_label":"unnamed-chunk-4","document_id":"6BE3C354","expansion_state":0,"options":{"engine":"r","label":"unnamed-chunk-4"},"row":40,"row_count":1,"visible":true},{"chunk_id":"cb2vn4tj38d66","chunk_label":"unnamed-chunk-5","document_id":"6BE3C354","expansion_state":0,"options":{"engine":"r","label":"unnamed-chunk-5"},"row":47,"row_count":1,"visible":true},{"chunk_id":"cp0q68xfjbp7n","chunk_label":"unnamed-chunk-6","document_id":"6BE3C354","expansion_state":0,"options":{"engine":"r","label":"unnamed-chunk-6"},"row":58,"row_count":1,"visible":true},{"chunk_id":"cvlyl6owsap82","chunk_label":"unnamed-chunk-7","document_id":"6BE3C354","expansion_state":0,"options":{"engine":"r","label":"unnamed-chunk-11"},"row":68,"row_count":1,"visible":true},{"chunk_id":"clrzvke6aad8h","chunk_label":"unnamed-chunk-8","document_id":"6BE3C354","expansion_state":0,"options":{"engine":"r","label":"unnamed-chunk-33"},"row":77,"row_count":1,"visible":true},{"chunk_id":"cfso5foukrf59","chunk_label":"unnamed-chunk-9","document_id":"6BE3C354","expansion_state":0,"options":{"engine":"r","label":"unnamed-chunk-17"},"row":86,"row_count":1,"visible":true},{"chunk_id":"c8lnfs3tuk52k","chunk_label":"unnamed-chunk-10","document_id":"6BE3C354","expansion_state":0,"options":{"engine":"r","label":"unnamed-chunk-34"},"row":90,"row_count":1,"visible":true},{"chunk_id":"cg567fy9l2wiq","chunk_label":"unnamed-chunk-11","document_id":"6BE3C354","expansion_state":0,"options":{"engine":"r","label":"unnamed-chunk-19"},"row":99,"row_count":1,"visible":true},{"chunk_id":"chha1rveiuvcm","chunk_label":"unnamed-chunk-12","document_id":"6BE3C354","expansion_state":0,"options":{"engine":"r","label":"unnamed-chunk-20"},"row":105,"row_count":1,"visible":true},{"chunk_id":"ctyinwkui8a97","chunk_label":"unnamed-chunk-13","document_id":"6BE3C354","expansion_state":0,"options":{"engine":"r","label":"unnamed-chunk-22"},"row":114,"row_count":1,"visible":true},{"chunk_id":"cesz902mldhak","chunk_label":"unnamed-chunk-14","document_id":"6BE3C354","expansion_state":0,"options":{"engine":"r","label":"unnamed-chunk-23"},"row":119,"row_count":1,"visible":true},{"chunk_id":"c8tihx1x80igk","chunk_label":"unnamed-chunk-15","document_id":"6BE3C354","expansion_state":0,"options":{"engine":"r","label":"unnamed-chunk-24"},"row":124,"row_count":1,"visible":true},{"chunk_id":"cdbf0hel6n884","chunk_label":"unnamed-chunk-16","document_id":"6BE3C354","expansion_state":0,"options":{"engine":"r","label":"unnamed-chunk-25"},"row":132,"row_count":1,"visible":true},{"chunk_id":"cgij8sv7us2fr","chunk_label":"unnamed-chunk-17","document_id":"6BE3C354","expansion_state":0,"options":{"engine":"r","label":"unnamed-chunk-26"},"row":136,"row_count":1,"visible":true},{"chunk_id":"cp57c6ej1wqq0","chunk_label":"unnamed-chunk-18","document_id":"6BE3C354","expansion_state":0,"options":{"engine":"r","label":"unnamed-chunk-29"},"row":143,"row_count":1,"visible":true},{"chunk_id":"cnzzzqyl2bvwg","chunk_label":"unnamed-chunk-19","document_id":"6BE3C354","expansion_state":0,"options":{"engine":"r","label":"unnamed-chunk-30"},"row":147,"row_count":1,"visible":true}],"chunk_rendered_width":663,"doc_write_time":1550025346}