{"chunk_definitions":[{"chunk_id":"csjxde5kdubl4","chunk_label":"unnamed-chunk-1","document_id":"6368FED","expansion_state":0,"options":{"engine":"r","label":"unnamed-chunk-2"},"row":8,"row_count":1,"visible":true},{"chunk_id":"ctb17v2aflm4t","chunk_label":"unnamed-chunk-2","document_id":"6368FED","expansion_state":0,"options":{"engine":"r","label":"unnamed-chunk-2"},"row":15,"row_count":1,"visible":true},{"chunk_id":"cbiropp6u25xx","chunk_label":"unnamed-chunk-3","document_id":"6368FED","expansion_state":0,"options":{"engine":"r","label":"unnamed-chunk-3"},"row":27,"row_count":1,"visible":true},{"chunk_id":"c3im855cu6ori","chunk_label":"unnamed-chunk-4","document_id":"6368FED","expansion_state":0,"options":{"engine":"r","label":"unnamed-chunk-3"},"row":36,"row_count":1,"visible":true},{"chunk_id":"cypm9roiry6vr","chunk_label":"unnamed-chunk-5","document_id":"6368FED","expansion_state":0,"options":{"engine":"r","label":"unnamed-chunk-17"},"row":45,"row_count":1,"visible":true},{"chunk_id":"cbn8p4jngxk7p","chunk_label":"unnamed-chunk-6","document_id":"6368FED","expansion_state":0,"options":{"engine":"r","label":"unnamed-chunk-18"},"row":52,"row_count":1,"visible":true},{"chunk_id":"cefgwt087uco6","chunk_label":"unnamed-chunk-7","document_id":"6368FED","expansion_state":0,"options":{"engine":"r","label":"unnamed-chunk-19"},"row":59,"row_count":1,"visible":true},{"chunk_id":"cu7ozc9so58v6","chunk_label":"unnamed-chunk-8","document_id":"6368FED","expansion_state":0,"options":{"engine":"r","label":"unnamed-chunk-21"},"row":67,"row_count":1,"visible":true},{"chunk_id":"czoh6wtppy2rm","chunk_label":"unnamed-chunk-9","document_id":"6368FED","expansion_state":0,"options":{"engine":"r","label":"unnamed-chunk-23"},"row":74,"row_count":1,"visible":true},{"chunk_id":"c4ah7wcrgo6jr","chunk_label":"unnamed-chunk-10","document_id":"6368FED","expansion_state":0,"options":{"engine":"r","label":"unnamed-chunk-24"},"row":80,"row_count":1,"visible":true},{"chunk_id":"c95wid9s4y7ge","chunk_label":"unnamed-chunk-11","document_id":"6368FED","expansion_state":0,"options":{"engine":"r","label":"unnamed-chunk-25"},"row":89,"row_count":1,"visible":true},{"chunk_id":"cf03gx8b53itn","chunk_label":"unnamed-chunk-12","document_id":"6368FED","expansion_state":0,"options":{"engine":"r","label":"unnamed-chunk-26"},"row":97,"row_count":1,"visible":true}],"doc_write_time":1549142281}