"0","parole = parole %>% mutate(male = as.factor(male)) %>% "
"0","  mutate(male = fct_recode(male, ""female"" = ""0"", ""male"" = ""1"" )) "
"0","parole = parole %>% mutate(race = as.factor(race)) %>% "
"0","  mutate(race = fct_recode(race, ""white"" = ""1"", ""non-white"" = ""2"" ))"
"0","parole = parole %>% mutate(state = as.factor(state)) %>% "
"0","  mutate(state = fct_recode(state, ""other state"" = ""1"", ""Kentucky"" = ""2"", ""Louisiana"" = ""3"", ""Virginia"" = ""4"" ))"
"0","parole = parole %>% mutate(crime = as.factor(crime)) %>% "
"0","  mutate(crime = fct_recode(crime, ""other crime"" = ""1"", ""larceny"" = ""2"", ""drug-related"" = ""3"", ""driving-related"" = ""4"" ))"
"0","parole = parole %>% mutate(multiple.offenses = as.factor(multiple.offenses)) %>% "
"0","  mutate(multiple.offenses = fct_recode(multiple.offenses, ""otherwise"" = ""0"", ""multiple offenses"" = ""1"" ))"
"0","parole = parole %>% mutate(violator = as.factor(violator)) %>% "
"0","  mutate(violator = fct_recode(violator, ""no violation"" = ""0"", ""violation"" = ""1"" ))"
"0","str(parole)"
"1","'data.frame':	"
"1","675"
"1"," obs. of  "
"1","9"
"1"," variable"
"1","s"
"1",":"
"1","
"
"1"," "
"1","$ "
"1","male             "
"1",":"
"1"," Factor w/ 2 levels ""female"",""male"": "
"1","2 1 2 2 2 2 2 1 1 2"
"1"," ..."
"1","
"
"1"," "
"1","$ "
"1","race             "
"1",":"
"1"," Factor w/ 2 levels ""white"",""non-white"": "
"1","1 1 2 1 2 2 1 1 1 2"
"1"," ..."
"1","
"
"1"," "
"1","$ "
"1","age              "
"1",":"
"1"," num  "
"1","33.2 39.7 29.5 22.4 21.6 46.7 31 24.6 32.6 29.1"
"1"," ..."
"1","
"
"1"," "
"1","$ "
"1","state            "
"1",":"
"1"," Factor w/ 4 levels ""other state"",..: "
"1","1 1 1 1 1 1 1 1 1 1"
"1"," ..."
"1","
"
"1"," "
"1","$ "
"1","time.served      "
"1",":"
"1"," num  "
"1","5.5 5.4 5.6 5.7 5.4 6 6 4.8 4.5 4.7"
"1"," ..."
"1","
"
"1"," "
"1","$ "
"1","max.sentence     "
"1",":"
"1"," int  "
"1","18 12 12 18 12 18 18 12 13 12"
"1"," ..."
"1","
"
"1"," "
"1","$ "
"1","multiple.offenses"
"1",":"
"1"," Factor w/ 2 levels ""otherwise"",""multiple offenses"": "
"1","1 1 1 1 1 1 1 1 1 1"
"1"," ..."
"1","
"
"1"," "
"1","$ "
"1","crime            "
"1",":"
"1"," Factor w/ 4 levels ""other crime"",..: "
"1","4 3 3 1 1 4 3 1 3 2"
"1"," ..."
"1","
"
"1"," "
"1","$ "
"1","violator         "
"1",":"
"1"," Factor w/ 2 levels ""no violation"",..: "
"1","1 1 1 1 1 1 1 1 1 1"
"1"," ..."
"1","
"
