{"chunk_definitions":[{"chunk_id":"cr8im9cuhy277","chunk_label":"unnamed-chunk-1","document_id":"6AC252F7","expansion_state":0,"options":{"engine":"r","label":"unnamed-chunk-1"},"row":9,"row_count":1,"visible":true},{"chunk_id":"cko0z0s42ds3c","chunk_label":"unnamed-chunk-2","document_id":"6AC252F7","expansion_state":0,"options":{"engine":"r","label":"unnamed-chunk-2"},"row":13,"row_count":1,"visible":true},{"chunk_id":"cp0xt6fgzv4c7","chunk_label":"unnamed-chunk-3","document_id":"6AC252F7","expansion_state":1,"options":{"engine":"r","label":"unnamed-chunk-3"},"row":29,"row_count":1,"visible":true},{"chunk_id":"cafosm7ytncqh","chunk_label":"unnamed-chunk-4","document_id":"6AC252F7","expansion_state":0,"options":{"engine":"r","label":"unnamed-chunk-4"},"row":38,"row_count":1,"visible":true},{"chunk_id":"csdda1wdyy2u7","chunk_label":"unnamed-chunk-5","document_id":"6AC252F7","expansion_state":0,"options":{"engine":"r","label":"unnamed-chunk-8"},"row":54,"row_count":1,"visible":true},{"chunk_id":"c9nk86lxr8ghu","chunk_label":"unnamed-chunk-6","document_id":"6AC252F7","expansion_state":0,"options":{"engine":"r","label":"unnamed-chunk-13"},"row":61,"row_count":1,"visible":true},{"chunk_id":"ci2wbxzhe4aic","chunk_label":"unnamed-chunk-7","document_id":"6AC252F7","expansion_state":0,"options":{"engine":"r","label":"unnamed-chunk-10"},"row":79,"row_count":1,"visible":true},{"chunk_id":"c36qn20aowy3e","chunk_label":"unnamed-chunk-8","document_id":"6AC252F7","expansion_state":0,"options":{"engine":"r","label":"unnamed-chunk-11"},"row":86,"row_count":1,"visible":true},{"chunk_id":"cjjx1v1dph3uu","chunk_label":"unnamed-chunk-9","document_id":"6AC252F7","expansion_state":0,"options":{"engine":"r","label":"unnamed-chunk-14"},"row":95,"row_count":1,"visible":true},{"chunk_id":"ctrz75tey7zsq","chunk_label":"unnamed-chunk-10","document_id":"6AC252F7","expansion_state":0,"options":{"engine":"r","label":"unnamed-chunk-15"},"row":104,"row_count":1,"visible":true}],"doc_write_time":1550954260}