{"chunk_definitions":[{"chunk_id":"c6f1fwks5x8n8","chunk_label":"unnamed-chunk-1","document_id":"EBDF34BA","expansion_state":0,"options":{"engine":"r","label":"unnamed-chunk-1"},"row":11,"row_count":1,"visible":true},{"chunk_id":"cp8xrfscu6bd3","chunk_label":"unnamed-chunk-2","document_id":"EBDF34BA","expansion_state":0,"options":{"engine":"r","label":"unnamed-chunk-2"},"row":18,"row_count":1,"visible":true},{"chunk_id":"cwkq4zn8291f6","chunk_label":"unnamed-chunk-3","document_id":"EBDF34BA","expansion_state":0,"options":{"engine":"r","label":"unnamed-chunk-14"},"row":39,"row_count":1,"visible":true},{"chunk_id":"crutm5xtu8o5z","chunk_label":"unnamed-chunk-4","document_id":"EBDF34BA","expansion_state":1,"options":{"engine":"r","label":"unnamed-chunk-23"},"row":46,"row_count":1,"visible":true},{"chunk_id":"c9ntiltb4gpi4","chunk_label":"unnamed-chunk-5","document_id":"EBDF34BA","expansion_state":0,"options":{"engine":"r","label":"unnamed-chunk-26"},"row":54,"row_count":1,"visible":true},{"chunk_id":"cbfuiwr8e81u8","chunk_label":"unnamed-chunk-6","document_id":"EBDF34BA","expansion_state":0,"options":{"engine":"r","label":"unnamed-chunk-27"},"row":60,"row_count":1,"visible":true},{"chunk_id":"czd7atac5vlsr","chunk_label":"unnamed-chunk-7","document_id":"EBDF34BA","expansion_state":0,"options":{"engine":"r","label":"unnamed-chunk-28"},"row":66,"row_count":1,"visible":true},{"chunk_id":"crzr2q8dbd31d","chunk_label":"unnamed-chunk-8","document_id":"EBDF34BA","expansion_state":0,"options":{"engine":"r","label":"unnamed-chunk-29"},"row":72,"row_count":1,"visible":true},{"chunk_id":"cxlh1gemdcdcy","chunk_label":"unnamed-chunk-9","document_id":"EBDF34BA","expansion_state":0,"options":{"engine":"r","label":"unnamed-chunk-30"},"row":78,"row_count":1,"visible":true},{"chunk_id":"cei9hhhr3pf64","chunk_label":"unnamed-chunk-10","document_id":"EBDF34BA","expansion_state":0,"options":{"engine":"r","label":"unnamed-chunk-31"},"row":84,"row_count":1,"visible":true},{"chunk_id":"c9tii60zz4l27","chunk_label":"unnamed-chunk-11","document_id":"EBDF34BA","expansion_state":0,"options":{"engine":"r","label":"unnamed-chunk-32"},"row":90,"row_count":1,"visible":true},{"chunk_id":"cz5ys0wyupcf5","chunk_label":"unnamed-chunk-12","document_id":"EBDF34BA","expansion_state":0,"options":{"engine":"r","label":"unnamed-chunk-33"},"row":96,"row_count":1,"visible":true},{"chunk_id":"cjy810erueve1","chunk_label":"unnamed-chunk-13","document_id":"EBDF34BA","expansion_state":1,"options":{"engine":"r","label":"unnamed-chunk-38"},"row":108,"row_count":1,"visible":true},{"chunk_id":"cv1kendb8tcqi","chunk_label":"unnamed-chunk-14","document_id":"EBDF34BA","expansion_state":0,"options":{"engine":"r","label":"unnamed-chunk-39"},"row":113,"row_count":1,"visible":true},{"chunk_id":"ca5rgibkr9xy9","chunk_label":"unnamed-chunk-15","document_id":"EBDF34BA","expansion_state":0,"options":{"engine":"r","label":"unnamed-chunk-41"},"row":119,"row_count":1,"visible":true},{"chunk_id":"c0n9ixbqmi4dr","chunk_label":"unnamed-chunk-16","document_id":"EBDF34BA","expansion_state":0,"options":{"engine":"r","label":"unnamed-chunk-42"},"row":128,"row_count":1,"visible":true},{"chunk_id":"clxjz4dpfyhxq","chunk_label":"unnamed-chunk-17","document_id":"EBDF34BA","expansion_state":0,"options":{"engine":"r","label":"unnamed-chunk-43"},"row":134,"row_count":1,"visible":true},{"chunk_id":"c690kuza03s3u","chunk_label":"unnamed-chunk-18","document_id":"EBDF34BA","expansion_state":0,"options":{"engine":"r","label":"unnamed-chunk-46"},"row":145,"row_count":1,"visible":true},{"chunk_id":"ct8v32hd03049","chunk_label":"unnamed-chunk-19","document_id":"EBDF34BA","expansion_state":0,"options":{"engine":"r","label":"unnamed-chunk-47"},"row":151,"row_count":1,"visible":true}],"chunk_rendered_width":700,"doc_write_time":1549227972}